"LOCATION","INDICATOR","SUBJECT","MEASURE","FREQUENCY","TIME","Value","Flag Codes"
"AUS","GDPHRWKD","TOT","USD","A","2001",45.412233,
"AUS","GDPHRWKD","TOT","USD","A","2002",46.044236,
"AUS","GDPHRWKD","TOT","USD","A","2003",47.035806,
"AUS","GDPHRWKD","TOT","USD","A","2004",46.900983,
"AUS","GDPHRWKD","TOT","USD","A","2005",47.093749,
"AUS","GDPHRWKD","TOT","USD","A","2006",47.366355,
"AUS","GDPHRWKD","TOT","USD","A","2007",47.939074,
"AUS","GDPHRWKD","TOT","USD","A","2008",49.624367,
"AUS","GDPHRWKD","TOT","USD","A","2009",49.144573,
"AUS","GDPHRWKD","TOT","USD","A","2010",49.954717,
"AUS","GDPHRWKD","TOT","USD","A","2011",50.542506,
"AUS","GDPHRWKD","TOT","USD","A","2012",51.752995,
"AUS","GDPHRWKD","TOT","USD","A","2013",52.618353,
"AUS","GDPHRWKD","TOT","USD","A","2014",52.861423,
"AUS","GDPHRWKD","TOT","USD","A","2015",54.203308,
"AUS","GDPHRWKD","TOT","USD","A","2016",54.058517,
"AUS","GDPHRWKD","TOT","USD","A","2017",54.71063,
"AUS","GDPHRWKD","TOT","USD","A","2018",54.712884,"E"
"AUS","GDPHRWKD","TOT","USD","A","2019",55.24439,"E"
"AUT","GDPHRWKD","TOT","USD","A","2001",56.53665,
"AUT","GDPHRWKD","TOT","USD","A","2002",57.608439,
"AUT","GDPHRWKD","TOT","USD","A","2003",58.062767,
"AUT","GDPHRWKD","TOT","USD","A","2004",59.197002,
"AUT","GDPHRWKD","TOT","USD","A","2005",60.623506,
"AUT","GDPHRWKD","TOT","USD","A","2006",62.235253,
"AUT","GDPHRWKD","TOT","USD","A","2007",63.797008,
"AUT","GDPHRWKD","TOT","USD","A","2008",63.799879,
"AUT","GDPHRWKD","TOT","USD","A","2009",63.352297,
"AUT","GDPHRWKD","TOT","USD","A","2010",64.310644,
"AUT","GDPHRWKD","TOT","USD","A","2011",64.948767,
"AUT","GDPHRWKD","TOT","USD","A","2012",65.654895,
"AUT","GDPHRWKD","TOT","USD","A","2013",66.07724,
"AUT","GDPHRWKD","TOT","USD","A","2014",66.314312,
"AUT","GDPHRWKD","TOT","USD","A","2015",67.261798,
"AUT","GDPHRWKD","TOT","USD","A","2016",67.177258,
"AUT","GDPHRWKD","TOT","USD","A","2017",68.100896,
"AUT","GDPHRWKD","TOT","USD","A","2018",68.505375,
"AUT","GDPHRWKD","TOT","USD","A","2019",68.3415,
"AUT","GDPHRWKD","TOT","USD","A","2020",70.243417,
"BEL","GDPHRWKD","TOT","USD","A","2001",63.233672,
"BEL","GDPHRWKD","TOT","USD","A","2002",63.667303,
"BEL","GDPHRWKD","TOT","USD","A","2003",64.204011,
"BEL","GDPHRWKD","TOT","USD","A","2004",66.278551,
"BEL","GDPHRWKD","TOT","USD","A","2005",67.287921,
"BEL","GDPHRWKD","TOT","USD","A","2006",67.637137,
"BEL","GDPHRWKD","TOT","USD","A","2007",68.887444,
"BEL","GDPHRWKD","TOT","USD","A","2008",68.464336,
"BEL","GDPHRWKD","TOT","USD","A","2009",68.020751,
"BEL","GDPHRWKD","TOT","USD","A","2010",69.053627,
"BEL","GDPHRWKD","TOT","USD","A","2011",68.581978,
"BEL","GDPHRWKD","TOT","USD","A","2012",68.923207,
"BEL","GDPHRWKD","TOT","USD","A","2013",69.517696,
"BEL","GDPHRWKD","TOT","USD","A","2014",70.513657,
"BEL","GDPHRWKD","TOT","USD","A","2015",71.604653,
"BEL","GDPHRWKD","TOT","USD","A","2016",71.674769,
"BEL","GDPHRWKD","TOT","USD","A","2017",71.535158,
"BEL","GDPHRWKD","TOT","USD","A","2018",71.681495,
"BEL","GDPHRWKD","TOT","USD","A","2019",71.997619,
"CAN","GDPHRWKD","TOT","USD","A","2001",44.991861,
"CAN","GDPHRWKD","TOT","USD","A","2002",45.721803,
"CAN","GDPHRWKD","TOT","USD","A","2003",45.835459,
"CAN","GDPHRWKD","TOT","USD","A","2004",46.221376,
"CAN","GDPHRWKD","TOT","USD","A","2005",47.247735,
"CAN","GDPHRWKD","TOT","USD","A","2006",47.751732,
"CAN","GDPHRWKD","TOT","USD","A","2007",47.748713,
"CAN","GDPHRWKD","TOT","USD","A","2008",47.612779,
"CAN","GDPHRWKD","TOT","USD","A","2009",47.84147,
"CAN","GDPHRWKD","TOT","USD","A","2010",48.328378,
"CAN","GDPHRWKD","TOT","USD","A","2011",49.118031,
"CAN","GDPHRWKD","TOT","USD","A","2012",49.22531,
"CAN","GDPHRWKD","TOT","USD","A","2013",49.879102,
"CAN","GDPHRWKD","TOT","USD","A","2014",51.187305,
"CAN","GDPHRWKD","TOT","USD","A","2015",51.051617,
"CAN","GDPHRWKD","TOT","USD","A","2016",51.135179,
"CAN","GDPHRWKD","TOT","USD","A","2017",52.046638,
"CAN","GDPHRWKD","TOT","USD","A","2018",52.212832,
"CAN","GDPHRWKD","TOT","USD","A","2019",52.691958,
"CAN","GDPHRWKD","TOT","USD","A","2020",56.612082,
"CZE","GDPHRWKD","TOT","USD","A","2001",27.994158,
"CZE","GDPHRWKD","TOT","USD","A","2002",28.429678,
"CZE","GDPHRWKD","TOT","USD","A","2003",29.901424,
"CZE","GDPHRWKD","TOT","USD","A","2004",31.147574,
"CZE","GDPHRWKD","TOT","USD","A","2005",32.765277,
"CZE","GDPHRWKD","TOT","USD","A","2006",34.781571,
"CZE","GDPHRWKD","TOT","USD","A","2007",36.256014,
"CZE","GDPHRWKD","TOT","USD","A","2008",36.139167,
"CZE","GDPHRWKD","TOT","USD","A","2009",35.303035,
"CZE","GDPHRWKD","TOT","USD","A","2010",36.128328,
"CZE","GDPHRWKD","TOT","USD","A","2011",36.734795,
"CZE","GDPHRWKD","TOT","USD","A","2012",36.886973,
"CZE","GDPHRWKD","TOT","USD","A","2013",37.004724,
"CZE","GDPHRWKD","TOT","USD","A","2014",37.432375,
"CZE","GDPHRWKD","TOT","USD","A","2015",39.390083,
"CZE","GDPHRWKD","TOT","USD","A","2016",39.251558,
"CZE","GDPHRWKD","TOT","USD","A","2017",40.595969,
"CZE","GDPHRWKD","TOT","USD","A","2018",41.152718,
"CZE","GDPHRWKD","TOT","USD","A","2019",42.016644,
"CZE","GDPHRWKD","TOT","USD","A","2020",42.126489,
"DNK","GDPHRWKD","TOT","USD","A","2001",59.743007,
"DNK","GDPHRWKD","TOT","USD","A","2002",60.234191,
"DNK","GDPHRWKD","TOT","USD","A","2003",61.228274,
"DNK","GDPHRWKD","TOT","USD","A","2004",63.183454,
"DNK","GDPHRWKD","TOT","USD","A","2005",64.048343,
"DNK","GDPHRWKD","TOT","USD","A","2006",64.892447,
"DNK","GDPHRWKD","TOT","USD","A","2007",65.012119,
"DNK","GDPHRWKD","TOT","USD","A","2008",64.044269,
"DNK","GDPHRWKD","TOT","USD","A","2009",63.453957,
"DNK","GDPHRWKD","TOT","USD","A","2010",65.937261,
"DNK","GDPHRWKD","TOT","USD","A","2011",66.165566,
"DNK","GDPHRWKD","TOT","USD","A","2012",67.430176,
"DNK","GDPHRWKD","TOT","USD","A","2013",67.960405,
"DNK","GDPHRWKD","TOT","USD","A","2014",69.036988,
"DNK","GDPHRWKD","TOT","USD","A","2015",70.022816,
"DNK","GDPHRWKD","TOT","USD","A","2016",70.856515,
"DNK","GDPHRWKD","TOT","USD","A","2017",72.180878,
"DNK","GDPHRWKD","TOT","USD","A","2018",73.807286,
"DNK","GDPHRWKD","TOT","USD","A","2019",74.966797,
"DNK","GDPHRWKD","TOT","USD","A","2020",75.360565,
"FIN","GDPHRWKD","TOT","USD","A","2001",52.300822,
"FIN","GDPHRWKD","TOT","USD","A","2002",52.775143,
"FIN","GDPHRWKD","TOT","USD","A","2003",53.900389,
"FIN","GDPHRWKD","TOT","USD","A","2004",55.715585,
"FIN","GDPHRWKD","TOT","USD","A","2005",56.763097,
"FIN","GDPHRWKD","TOT","USD","A","2006",58.143659,
"FIN","GDPHRWKD","TOT","USD","A","2007",60.034517,
"FIN","GDPHRWKD","TOT","USD","A","2008",59.335913,
"FIN","GDPHRWKD","TOT","USD","A","2009",56.693486,
"FIN","GDPHRWKD","TOT","USD","A","2010",58.660065,
"FIN","GDPHRWKD","TOT","USD","A","2011",59.486305,
"FIN","GDPHRWKD","TOT","USD","A","2012",58.538786,
"FIN","GDPHRWKD","TOT","USD","A","2013",58.728704,
"FIN","GDPHRWKD","TOT","USD","A","2014",58.865612,
"FIN","GDPHRWKD","TOT","USD","A","2015",59.318425,
"FIN","GDPHRWKD","TOT","USD","A","2016",60.743529,
"FIN","GDPHRWKD","TOT","USD","A","2017",62.263776,
"FIN","GDPHRWKD","TOT","USD","A","2018",61.635786,
"FIN","GDPHRWKD","TOT","USD","A","2019",61.62095,
"FIN","GDPHRWKD","TOT","USD","A","2020",61.117944,
"FRA","GDPHRWKD","TOT","USD","A","2001",58.238429,
"FRA","GDPHRWKD","TOT","USD","A","2002",59.938668,
"FRA","GDPHRWKD","TOT","USD","A","2003",60.280773,
"FRA","GDPHRWKD","TOT","USD","A","2004",60.946954,
"FRA","GDPHRWKD","TOT","USD","A","2005",61.487911,
"FRA","GDPHRWKD","TOT","USD","A","2006",63.018745,
"FRA","GDPHRWKD","TOT","USD","A","2007",62.723395,
"FRA","GDPHRWKD","TOT","USD","A","2008",62.323215,
"FRA","GDPHRWKD","TOT","USD","A","2009",61.685771,
"FRA","GDPHRWKD","TOT","USD","A","2010",62.484285,
"FRA","GDPHRWKD","TOT","USD","A","2011",63.109941,
"FRA","GDPHRWKD","TOT","USD","A","2012",63.316137,
"FRA","GDPHRWKD","TOT","USD","A","2013",64.173601,
"FRA","GDPHRWKD","TOT","USD","A","2014",64.791079,
"FRA","GDPHRWKD","TOT","USD","A","2015",65.316731,
"FRA","GDPHRWKD","TOT","USD","A","2016",65.499243,
"FRA","GDPHRWKD","TOT","USD","A","2017",66.881126,
"FRA","GDPHRWKD","TOT","USD","A","2018",67.128734,
"FRA","GDPHRWKD","TOT","USD","A","2019",67.518036,
"FRA","GDPHRWKD","TOT","USD","A","2020",67.568371,
"DEU","GDPHRWKD","TOT","USD","A","2001",57.4591,
"DEU","GDPHRWKD","TOT","USD","A","2002",57.991792,
"DEU","GDPHRWKD","TOT","USD","A","2003",58.437853,
"DEU","GDPHRWKD","TOT","USD","A","2004",58.970058,
"DEU","GDPHRWKD","TOT","USD","A","2005",59.900695,
"DEU","GDPHRWKD","TOT","USD","A","2006",60.858653,
"DEU","GDPHRWKD","TOT","USD","A","2007",61.577685,
"DEU","GDPHRWKD","TOT","USD","A","2008",61.593702,
"DEU","GDPHRWKD","TOT","USD","A","2009",59.739676,
"DEU","GDPHRWKD","TOT","USD","A","2010",61.116778,
"DEU","GDPHRWKD","TOT","USD","A","2011",62.706421,
"DEU","GDPHRWKD","TOT","USD","A","2012",63.093299,
"DEU","GDPHRWKD","TOT","USD","A","2013",63.392823,
"DEU","GDPHRWKD","TOT","USD","A","2014",64.049842,
"DEU","GDPHRWKD","TOT","USD","A","2015",64.376152,
"DEU","GDPHRWKD","TOT","USD","A","2016",65.248665,
"DEU","GDPHRWKD","TOT","USD","A","2017",66.347734,
"DEU","GDPHRWKD","TOT","USD","A","2018",66.383779,
"DEU","GDPHRWKD","TOT","USD","A","2019",66.360411,
"DEU","GDPHRWKD","TOT","USD","A","2020",66.339493,
"GRC","GDPHRWKD","TOT","USD","A","2001",36.034882,
"GRC","GDPHRWKD","TOT","USD","A","2002",36.69228,
"GRC","GDPHRWKD","TOT","USD","A","2003",38.320136,
"GRC","GDPHRWKD","TOT","USD","A","2004",39.480089,
"GRC","GDPHRWKD","TOT","USD","A","2005",38.362036,
"GRC","GDPHRWKD","TOT","USD","A","2006",40.011024,
"GRC","GDPHRWKD","TOT","USD","A","2007",41.048816,
"GRC","GDPHRWKD","TOT","USD","A","2008",40.485593,
"GRC","GDPHRWKD","TOT","USD","A","2009",39.432881,
"GRC","GDPHRWKD","TOT","USD","A","2010",39.070607,
"GRC","GDPHRWKD","TOT","USD","A","2011",36.313816,
"GRC","GDPHRWKD","TOT","USD","A","2012",34.439282,
"GRC","GDPHRWKD","TOT","USD","A","2013",33.578407,
"GRC","GDPHRWKD","TOT","USD","A","2014",33.44256,
"GRC","GDPHRWKD","TOT","USD","A","2015",34.569797,
"GRC","GDPHRWKD","TOT","USD","A","2016",33.13695,
"GRC","GDPHRWKD","TOT","USD","A","2017",33.661095,
"GRC","GDPHRWKD","TOT","USD","A","2018",33.395956,
"GRC","GDPHRWKD","TOT","USD","A","2019",34.388069,
"GRC","GDPHRWKD","TOT","USD","A","2020",35.542717,
"HUN","GDPHRWKD","TOT","USD","A","2001",25.660044,
"HUN","GDPHRWKD","TOT","USD","A","2002",27.119815,
"HUN","GDPHRWKD","TOT","USD","A","2003",28.101583,
"HUN","GDPHRWKD","TOT","USD","A","2004",29.737576,
"HUN","GDPHRWKD","TOT","USD","A","2005",31.642919,
"HUN","GDPHRWKD","TOT","USD","A","2006",33.015102,
"HUN","GDPHRWKD","TOT","USD","A","2007",33.823286,
"HUN","GDPHRWKD","TOT","USD","A","2008",34.735559,
"HUN","GDPHRWKD","TOT","USD","A","2009",33.653879,
"HUN","GDPHRWKD","TOT","USD","A","2010",34.100571,"B"
"HUN","GDPHRWKD","TOT","USD","A","2011",35.025978,
"HUN","GDPHRWKD","TOT","USD","A","2012",34.531776,
"HUN","GDPHRWKD","TOT","USD","A","2013",34.821245,
"HUN","GDPHRWKD","TOT","USD","A","2014",34.41441,
"HUN","GDPHRWKD","TOT","USD","A","2015",35.003045,
"HUN","GDPHRWKD","TOT","USD","A","2016",34.191496,
"HUN","GDPHRWKD","TOT","USD","A","2017",35.251156,
"HUN","GDPHRWKD","TOT","USD","A","2018",36.700626,
"HUN","GDPHRWKD","TOT","USD","A","2019",38.160569,
"HUN","GDPHRWKD","TOT","USD","A","2020",38.46682,
"ISL","GDPHRWKD","TOT","USD","A","2001",41.757701,
"ISL","GDPHRWKD","TOT","USD","A","2002",43.499588,
"ISL","GDPHRWKD","TOT","USD","A","2003",45.210837,
"ISL","GDPHRWKD","TOT","USD","A","2004",48.746774,
"ISL","GDPHRWKD","TOT","USD","A","2005",50.344437,
"ISL","GDPHRWKD","TOT","USD","A","2006",51.252963,
"ISL","GDPHRWKD","TOT","USD","A","2007",53.903857,
"ISL","GDPHRWKD","TOT","USD","A","2008",54.473883,
"ISL","GDPHRWKD","TOT","USD","A","2009",57.958666,
"ISL","GDPHRWKD","TOT","USD","A","2010",57.363205,
"ISL","GDPHRWKD","TOT","USD","A","2011",57.412617,
"ISL","GDPHRWKD","TOT","USD","A","2012",57.495299,
"ISL","GDPHRWKD","TOT","USD","A","2013",58.702973,
"ISL","GDPHRWKD","TOT","USD","A","2014",58.676681,
"ISL","GDPHRWKD","TOT","USD","A","2015",59.662657,
"ISL","GDPHRWKD","TOT","USD","A","2016",60.324542,
"ISL","GDPHRWKD","TOT","USD","A","2017",60.815593,
"ISL","GDPHRWKD","TOT","USD","A","2018",62.267209,
"ISL","GDPHRWKD","TOT","USD","A","2019",64.634331,
"ISL","GDPHRWKD","TOT","USD","A","2020",64.846606,
"IRL","GDPHRWKD","TOT","USD","A","2001",55.363411,
"IRL","GDPHRWKD","TOT","USD","A","2002",58.305514,
"IRL","GDPHRWKD","TOT","USD","A","2003",59.507248,
"IRL","GDPHRWKD","TOT","USD","A","2004",61.836178,
"IRL","GDPHRWKD","TOT","USD","A","2005",62.059665,
"IRL","GDPHRWKD","TOT","USD","A","2006",62.424159,
"IRL","GDPHRWKD","TOT","USD","A","2007",63.459714,
"IRL","GDPHRWKD","TOT","USD","A","2008",61.723535,
"IRL","GDPHRWKD","TOT","USD","A","2009",64.702274,
"IRL","GDPHRWKD","TOT","USD","A","2010",72.26409,"B"
"IRL","GDPHRWKD","TOT","USD","A","2011",73.635257,
"IRL","GDPHRWKD","TOT","USD","A","2012",74.077954,
"IRL","GDPHRWKD","TOT","USD","A","2013",72.604735,
"IRL","GDPHRWKD","TOT","USD","A","2014",76.211635,
"IRL","GDPHRWKD","TOT","USD","A","2015",91.363264,
"IRL","GDPHRWKD","TOT","USD","A","2016",90.235869,
"IRL","GDPHRWKD","TOT","USD","A","2017",94.955962,
"IRL","GDPHRWKD","TOT","USD","A","2018",99.484031,
"IRL","GDPHRWKD","TOT","USD","A","2019",102.685887,
"IRL","GDPHRWKD","TOT","USD","A","2020",109.39825,
"ITA","GDPHRWKD","TOT","USD","A","2001",53.105591,
"ITA","GDPHRWKD","TOT","USD","A","2002",52.689151,
"ITA","GDPHRWKD","TOT","USD","A","2003",52.31578,
"ITA","GDPHRWKD","TOT","USD","A","2004",52.754499,
"ITA","GDPHRWKD","TOT","USD","A","2005",52.990201,
"ITA","GDPHRWKD","TOT","USD","A","2006",52.873541,
"ITA","GDPHRWKD","TOT","USD","A","2007",52.833352,
"ITA","GDPHRWKD","TOT","USD","A","2008",52.532095,
"ITA","GDPHRWKD","TOT","USD","A","2009",51.485627,
"ITA","GDPHRWKD","TOT","USD","A","2010",52.656139,
"ITA","GDPHRWKD","TOT","USD","A","2011",53.011615,
"ITA","GDPHRWKD","TOT","USD","A","2012",52.728249,
"ITA","GDPHRWKD","TOT","USD","A","2013",53.147359,
"ITA","GDPHRWKD","TOT","USD","A","2014",53.189636,
"ITA","GDPHRWKD","TOT","USD","A","2015",53.221214,
"ITA","GDPHRWKD","TOT","USD","A","2016",53.057615,
"ITA","GDPHRWKD","TOT","USD","A","2017",53.399887,
"ITA","GDPHRWKD","TOT","USD","A","2018",53.4017,
"ITA","GDPHRWKD","TOT","USD","A","2019",53.423498,
"ITA","GDPHRWKD","TOT","USD","A","2020",54.682558,
"JPN","GDPHRWKD","TOT","USD","A","2001",38.951899,
"JPN","GDPHRWKD","TOT","USD","A","2002",39.682316,
"JPN","GDPHRWKD","TOT","USD","A","2003",40.261918,
"JPN","GDPHRWKD","TOT","USD","A","2004",41.218235,
"JPN","GDPHRWKD","TOT","USD","A","2005",41.779033,
"JPN","GDPHRWKD","TOT","USD","A","2006",41.864949,
"JPN","GDPHRWKD","TOT","USD","A","2007",42.242027,
"JPN","GDPHRWKD","TOT","USD","A","2008",42.160141,
"JPN","GDPHRWKD","TOT","USD","A","2009",41.711751,
"JPN","GDPHRWKD","TOT","USD","A","2010",43.064371,
"JPN","GDPHRWKD","TOT","USD","A","2011",43.15797,
"JPN","GDPHRWKD","TOT","USD","A","2012",43.563991,
"JPN","GDPHRWKD","TOT","USD","A","2013",44.476166,
"JPN","GDPHRWKD","TOT","USD","A","2014",44.491569,
"JPN","GDPHRWKD","TOT","USD","A","2015",45.102922,
"JPN","GDPHRWKD","TOT","USD","A","2016",45.060416,
"JPN","GDPHRWKD","TOT","USD","A","2017",45.727275,
"JPN","GDPHRWKD","TOT","USD","A","2018",45.886103,
"JPN","GDPHRWKD","TOT","USD","A","2019",46.601512,"E"
"KOR","GDPHRWKD","TOT","USD","A","2001",20.534599,
"KOR","GDPHRWKD","TOT","USD","A","2002",21.887622,
"KOR","GDPHRWKD","TOT","USD","A","2003",22.903303,
"KOR","GDPHRWKD","TOT","USD","A","2004",23.940085,
"KOR","GDPHRWKD","TOT","USD","A","2005",25.066255,
"KOR","GDPHRWKD","TOT","USD","A","2006",26.109854,
"KOR","GDPHRWKD","TOT","USD","A","2007",27.762018,
"KOR","GDPHRWKD","TOT","USD","A","2008",29.325932,
"KOR","GDPHRWKD","TOT","USD","A","2009",30.340215,
"KOR","GDPHRWKD","TOT","USD","A","2010",32.147724,
"KOR","GDPHRWKD","TOT","USD","A","2011",33.077795,
"KOR","GDPHRWKD","TOT","USD","A","2012",33.544427,
"KOR","GDPHRWKD","TOT","USD","A","2013",34.297736,
"KOR","GDPHRWKD","TOT","USD","A","2014",35.078734,
"KOR","GDPHRWKD","TOT","USD","A","2015",35.5578,
"KOR","GDPHRWKD","TOT","USD","A","2016",36.548092,
"KOR","GDPHRWKD","TOT","USD","A","2017",38.180621,
"KOR","GDPHRWKD","TOT","USD","A","2018",39.639227,
"KOR","GDPHRWKD","TOT","USD","A","2019",40.494732,
"KOR","GDPHRWKD","TOT","USD","A","2020",41.682683,"E"
"LUX","GDPHRWKD","TOT","USD","A","2001",91.024723,
"LUX","GDPHRWKD","TOT","USD","A","2002",92.138908,
"LUX","GDPHRWKD","TOT","USD","A","2003",92.045037,
"LUX","GDPHRWKD","TOT","USD","A","2004",93.237375,
"LUX","GDPHRWKD","TOT","USD","A","2005",95.29358,
"LUX","GDPHRWKD","TOT","USD","A","2006",96.378236,
"LUX","GDPHRWKD","TOT","USD","A","2007",99.129719,
"LUX","GDPHRWKD","TOT","USD","A","2008",93.365777,
"LUX","GDPHRWKD","TOT","USD","A","2009",91.313558,
"LUX","GDPHRWKD","TOT","USD","A","2010",94.039158,
"LUX","GDPHRWKD","TOT","USD","A","2011",93.754054,
"LUX","GDPHRWKD","TOT","USD","A","2012",91.633105,
"LUX","GDPHRWKD","TOT","USD","A","2013",93.612347,
"LUX","GDPHRWKD","TOT","USD","A","2014",94.978691,
"LUX","GDPHRWKD","TOT","USD","A","2015",96.108263,
"LUX","GDPHRWKD","TOT","USD","A","2016",97.64058,
"LUX","GDPHRWKD","TOT","USD","A","2017",96.537173,
"LUX","GDPHRWKD","TOT","USD","A","2018",95.974428,
"LUX","GDPHRWKD","TOT","USD","A","2019",94.753839,
"LUX","GDPHRWKD","TOT","USD","A","2020",96.717464,
"MEX","GDPHRWKD","TOT","USD","A","2001",20.546467,
"MEX","GDPHRWKD","TOT","USD","A","2002",19.608957,
"MEX","GDPHRWKD","TOT","USD","A","2003",20.222358,
"MEX","GDPHRWKD","TOT","USD","A","2004",20.500537,
"MEX","GDPHRWKD","TOT","USD","A","2005",20.218735,
"MEX","GDPHRWKD","TOT","USD","A","2006",20.875724,
"MEX","GDPHRWKD","TOT","USD","A","2007",21.161519,
"MEX","GDPHRWKD","TOT","USD","A","2008",20.463338,
"MEX","GDPHRWKD","TOT","USD","A","2009",20.459199,
"MEX","GDPHRWKD","TOT","USD","A","2010",19.441112,"B"
"MEX","GDPHRWKD","TOT","USD","A","2011",19.986545,
"MEX","GDPHRWKD","TOT","USD","A","2012",20.061491,
"MEX","GDPHRWKD","TOT","USD","A","2013",19.965482,
"MEX","GDPHRWKD","TOT","USD","A","2014",20.473929,"E"
"MEX","GDPHRWKD","TOT","USD","A","2015",20.592155,"E"
"MEX","GDPHRWKD","TOT","USD","A","2016",20.673107,"E"
"MEX","GDPHRWKD","TOT","USD","A","2017",20.783407,"E"
"MEX","GDPHRWKD","TOT","USD","A","2018",20.685444,"E"
"MEX","GDPHRWKD","TOT","USD","A","2019",20.295142,"E"
"MEX","GDPHRWKD","TOT","USD","A","2020",20.151117,"E"
"NLD","GDPHRWKD","TOT","USD","A","2001",60.299505,
"NLD","GDPHRWKD","TOT","USD","A","2002",60.739628,
"NLD","GDPHRWKD","TOT","USD","A","2003",61.541637,
"NLD","GDPHRWKD","TOT","USD","A","2004",62.603024,
"NLD","GDPHRWKD","TOT","USD","A","2005",64.097939,
"NLD","GDPHRWKD","TOT","USD","A","2006",65.051296,
"NLD","GDPHRWKD","TOT","USD","A","2007",65.632495,
"NLD","GDPHRWKD","TOT","USD","A","2008",66.009294,
"NLD","GDPHRWKD","TOT","USD","A","2009",64.520326,
"NLD","GDPHRWKD","TOT","USD","A","2010",65.852731,
"NLD","GDPHRWKD","TOT","USD","A","2011",66.274742,
"NLD","GDPHRWKD","TOT","USD","A","2012",66.176095,
"NLD","GDPHRWKD","TOT","USD","A","2013",66.678971,
"NLD","GDPHRWKD","TOT","USD","A","2014",67.172705,
"NLD","GDPHRWKD","TOT","USD","A","2015",67.832959,
"NLD","GDPHRWKD","TOT","USD","A","2016",67.727181,
"NLD","GDPHRWKD","TOT","USD","A","2017",68.095551,
"NLD","GDPHRWKD","TOT","USD","A","2018",67.947366,
"NLD","GDPHRWKD","TOT","USD","A","2019",67.631794,
"NLD","GDPHRWKD","TOT","USD","A","2020",67.398478,
"NZL","GDPHRWKD","TOT","USD","A","2001",35.644463,
"NZL","GDPHRWKD","TOT","USD","A","2002",36.337449,
"NZL","GDPHRWKD","TOT","USD","A","2003",37.029392,
"NZL","GDPHRWKD","TOT","USD","A","2004",36.892135,
"NZL","GDPHRWKD","TOT","USD","A","2005",36.857308,
"NZL","GDPHRWKD","TOT","USD","A","2006",37.364115,
"NZL","GDPHRWKD","TOT","USD","A","2007",38.842779,
"NZL","GDPHRWKD","TOT","USD","A","2008",37.566999,
"NZL","GDPHRWKD","TOT","USD","A","2009",39.575355,
"NZL","GDPHRWKD","TOT","USD","A","2010",39.230057,
"NZL","GDPHRWKD","TOT","USD","A","2011",39.989327,
"NZL","GDPHRWKD","TOT","USD","A","2012",41.489133,
"NZL","GDPHRWKD","TOT","USD","A","2013",40.641509,
"NZL","GDPHRWKD","TOT","USD","A","2014",40.611254,
"NZL","GDPHRWKD","TOT","USD","A","2015",41.622831,
"NZL","GDPHRWKD","TOT","USD","A","2016",41.214514,
"NZL","GDPHRWKD","TOT","USD","A","2017",41.290964,
"NZL","GDPHRWKD","TOT","USD","A","2018",42.225511,
"NZL","GDPHRWKD","TOT","USD","A","2019",41.763565,
"NZL","GDPHRWKD","TOT","USD","A","2020",41.75752,"E"
"NOR","GDPHRWKD","TOT","USD","A","2001",75.486616,
"NOR","GDPHRWKD","TOT","USD","A","2002",77.914013,
"NOR","GDPHRWKD","TOT","USD","A","2003",80.824263,
"NOR","GDPHRWKD","TOT","USD","A","2004",82.885312,
"NOR","GDPHRWKD","TOT","USD","A","2005",84.095978,
"NOR","GDPHRWKD","TOT","USD","A","2006",83.850683,
"NOR","GDPHRWKD","TOT","USD","A","2007",82.80009,
"NOR","GDPHRWKD","TOT","USD","A","2008",80.542087,
"NOR","GDPHRWKD","TOT","USD","A","2009",80.558141,
"NOR","GDPHRWKD","TOT","USD","A","2010",80.895265,
"NOR","GDPHRWKD","TOT","USD","A","2011",80.244172,
"NOR","GDPHRWKD","TOT","USD","A","2012",80.980764,
"NOR","GDPHRWKD","TOT","USD","A","2013",81.4862,
"NOR","GDPHRWKD","TOT","USD","A","2014",82.06995,
"NOR","GDPHRWKD","TOT","USD","A","2015",83.12914,
"NOR","GDPHRWKD","TOT","USD","A","2016",83.620457,
"NOR","GDPHRWKD","TOT","USD","A","2017",85.405269,
"NOR","GDPHRWKD","TOT","USD","A","2018",85.060126,
"NOR","GDPHRWKD","TOT","USD","A","2019",84.253271,
"NOR","GDPHRWKD","TOT","USD","A","2020",85.482921,
"POL","GDPHRWKD","TOT","USD","A","2001",23.120217,
"POL","GDPHRWKD","TOT","USD","A","2002",24.383823,
"POL","GDPHRWKD","TOT","USD","A","2003",25.411565,
"POL","GDPHRWKD","TOT","USD","A","2004",26.378824,
"POL","GDPHRWKD","TOT","USD","A","2005",26.791838,
"POL","GDPHRWKD","TOT","USD","A","2006",27.558348,
"POL","GDPHRWKD","TOT","USD","A","2007",28.303163,
"POL","GDPHRWKD","TOT","USD","A","2008",28.480714,
"POL","GDPHRWKD","TOT","USD","A","2009",29.336578,
"POL","GDPHRWKD","TOT","USD","A","2010",31.339861,"B"
"POL","GDPHRWKD","TOT","USD","A","2011",32.805829,
"POL","GDPHRWKD","TOT","USD","A","2012",33.202667,
"POL","GDPHRWKD","TOT","USD","A","2013",33.699474,
"POL","GDPHRWKD","TOT","USD","A","2014",34.145767,
"POL","GDPHRWKD","TOT","USD","A","2015",34.32083,
"POL","GDPHRWKD","TOT","USD","A","2016",35.695162,
"POL","GDPHRWKD","TOT","USD","A","2017",37.399075,
"POL","GDPHRWKD","TOT","USD","A","2018",39.697194,
"POL","GDPHRWKD","TOT","USD","A","2019",41.787831,
"POL","GDPHRWKD","TOT","USD","A","2020",40.961537,
"PRT","GDPHRWKD","TOT","USD","A","2001",33.739822,
"PRT","GDPHRWKD","TOT","USD","A","2002",33.992966,
"PRT","GDPHRWKD","TOT","USD","A","2003",34.131576,
"PRT","GDPHRWKD","TOT","USD","A","2004",34.875983,
"PRT","GDPHRWKD","TOT","USD","A","2005",35.272311,
"PRT","GDPHRWKD","TOT","USD","A","2006",35.927996,
"PRT","GDPHRWKD","TOT","USD","A","2007",36.491637,
"PRT","GDPHRWKD","TOT","USD","A","2008",36.727659,
"PRT","GDPHRWKD","TOT","USD","A","2009",36.569423,
"PRT","GDPHRWKD","TOT","USD","A","2010",37.685603,
"PRT","GDPHRWKD","TOT","USD","A","2011",38.245249,
"PRT","GDPHRWKD","TOT","USD","A","2012",38.619119,
"PRT","GDPHRWKD","TOT","USD","A","2013",39.177467,
"PRT","GDPHRWKD","TOT","USD","A","2014",38.779615,
"PRT","GDPHRWKD","TOT","USD","A","2015",38.771567,
"PRT","GDPHRWKD","TOT","USD","A","2016",38.796107,
"PRT","GDPHRWKD","TOT","USD","A","2017",39.11194,
"PRT","GDPHRWKD","TOT","USD","A","2018",39.075293,
"PRT","GDPHRWKD","TOT","USD","A","2019",39.574613,
"PRT","GDPHRWKD","TOT","USD","A","2020",40.273298,
"SVK","GDPHRWKD","TOT","USD","A","2001",24.79125,
"SVK","GDPHRWKD","TOT","USD","A","2002",26.573637,
"SVK","GDPHRWKD","TOT","USD","A","2003",28.658034,
"SVK","GDPHRWKD","TOT","USD","A","2004",29.469148,
"SVK","GDPHRWKD","TOT","USD","A","2005",30.441486,
"SVK","GDPHRWKD","TOT","USD","A","2006",32.262961,
"SVK","GDPHRWKD","TOT","USD","A","2007",34.697973,
"SVK","GDPHRWKD","TOT","USD","A","2008",35.44579,
"SVK","GDPHRWKD","TOT","USD","A","2009",34.430955,
"SVK","GDPHRWKD","TOT","USD","A","2010",36.503848,
"SVK","GDPHRWKD","TOT","USD","A","2011",37.13854,
"SVK","GDPHRWKD","TOT","USD","A","2012",37.90772,
"SVK","GDPHRWKD","TOT","USD","A","2013",38.837786,
"SVK","GDPHRWKD","TOT","USD","A","2014",39.577747,
"SVK","GDPHRWKD","TOT","USD","A","2015",40.807354,
"SVK","GDPHRWKD","TOT","USD","A","2016",41.038224,
"SVK","GDPHRWKD","TOT","USD","A","2017",41.985606,
"SVK","GDPHRWKD","TOT","USD","A","2018",42.908157,
"SVK","GDPHRWKD","TOT","USD","A","2019",43.838063,
"SVK","GDPHRWKD","TOT","USD","A","2020",45.805331,
"ESP","GDPHRWKD","TOT","USD","A","2001",45.03635,
"ESP","GDPHRWKD","TOT","USD","A","2002",45.106207,
"ESP","GDPHRWKD","TOT","USD","A","2003",45.24043,
"ESP","GDPHRWKD","TOT","USD","A","2004",45.385456,
"ESP","GDPHRWKD","TOT","USD","A","2005",45.562728,
"ESP","GDPHRWKD","TOT","USD","A","2006",45.829181,
"ESP","GDPHRWKD","TOT","USD","A","2007",46.335693,
"ESP","GDPHRWKD","TOT","USD","A","2008",46.455022,
"ESP","GDPHRWKD","TOT","USD","A","2009",47.574562,
"ESP","GDPHRWKD","TOT","USD","A","2010",48.783989,
"ESP","GDPHRWKD","TOT","USD","A","2011",49.504172,
"ESP","GDPHRWKD","TOT","USD","A","2012",50.45889,
"ESP","GDPHRWKD","TOT","USD","A","2013",51.186839,
"ESP","GDPHRWKD","TOT","USD","A","2014",51.339305,
"ESP","GDPHRWKD","TOT","USD","A","2015",51.745407,
"ESP","GDPHRWKD","TOT","USD","A","2016",51.978712,
"ESP","GDPHRWKD","TOT","USD","A","2017",52.431783,
"ESP","GDPHRWKD","TOT","USD","A","2018",52.308054,
"ESP","GDPHRWKD","TOT","USD","A","2019",52.511733,
"ESP","GDPHRWKD","TOT","USD","A","2020",52.274837,
"SWE","GDPHRWKD","TOT","USD","A","2001",54.780446,
"SWE","GDPHRWKD","TOT","USD","A","2002",56.768235,
"SWE","GDPHRWKD","TOT","USD","A","2003",58.929807,
"SWE","GDPHRWKD","TOT","USD","A","2004",60.991708,
"SWE","GDPHRWKD","TOT","USD","A","2005",62.716571,
"SWE","GDPHRWKD","TOT","USD","A","2006",64.542439,
"SWE","GDPHRWKD","TOT","USD","A","2007",64.713447,
"SWE","GDPHRWKD","TOT","USD","A","2008",63.584642,
"SWE","GDPHRWKD","TOT","USD","A","2009",62.661124,
"SWE","GDPHRWKD","TOT","USD","A","2010",64.843685,
"SWE","GDPHRWKD","TOT","USD","A","2011",65.39915,
"SWE","GDPHRWKD","TOT","USD","A","2012",65.09344,
"SWE","GDPHRWKD","TOT","USD","A","2013",65.599289,
"SWE","GDPHRWKD","TOT","USD","A","2014",66.372095,
"SWE","GDPHRWKD","TOT","USD","A","2015",68.256162,
"SWE","GDPHRWKD","TOT","USD","A","2016",67.858929,
"SWE","GDPHRWKD","TOT","USD","A","2017",68.480022,
"SWE","GDPHRWKD","TOT","USD","A","2018",68.704695,
"SWE","GDPHRWKD","TOT","USD","A","2019",70.349667,
"SWE","GDPHRWKD","TOT","USD","A","2020",70.660884,
"CHE","GDPHRWKD","TOT","USD","A","2001",62.591374,
"CHE","GDPHRWKD","TOT","USD","A","2002",62.956428,
"CHE","GDPHRWKD","TOT","USD","A","2003",62.648295,
"CHE","GDPHRWKD","TOT","USD","A","2004",63.085764,
"CHE","GDPHRWKD","TOT","USD","A","2005",64.622926,
"CHE","GDPHRWKD","TOT","USD","A","2006",66.20517,
"CHE","GDPHRWKD","TOT","USD","A","2007",67.534657,
"CHE","GDPHRWKD","TOT","USD","A","2008",68.157631,
"CHE","GDPHRWKD","TOT","USD","A","2009",66.778137,
"CHE","GDPHRWKD","TOT","USD","A","2010",68.692963,
"CHE","GDPHRWKD","TOT","USD","A","2011",68.484228,
"CHE","GDPHRWKD","TOT","USD","A","2012",68.810054,
"CHE","GDPHRWKD","TOT","USD","A","2013",70.078789,
"CHE","GDPHRWKD","TOT","USD","A","2014",70.810654,
"CHE","GDPHRWKD","TOT","USD","A","2015",70.281159,
"CHE","GDPHRWKD","TOT","USD","A","2016",70.702005,
"CHE","GDPHRWKD","TOT","USD","A","2017",72.108607,
"CHE","GDPHRWKD","TOT","USD","A","2018",73.997909,
"CHE","GDPHRWKD","TOT","USD","A","2019",74.442842,
"TUR","GDPHRWKD","TOT","USD","A","2001",24.681869,
"TUR","GDPHRWKD","TOT","USD","A","2002",26.339978,
"TUR","GDPHRWKD","TOT","USD","A","2003",28.078322,
"TUR","GDPHRWKD","TOT","USD","A","2004",30.644277,
"TUR","GDPHRWKD","TOT","USD","A","2005",32.580282,
"TUR","GDPHRWKD","TOT","USD","A","2006",34.111688,
"TUR","GDPHRWKD","TOT","USD","A","2007",35.924232,
"TUR","GDPHRWKD","TOT","USD","A","2008",35.805009,
"TUR","GDPHRWKD","TOT","USD","A","2009",34.328244,
"TUR","GDPHRWKD","TOT","USD","A","2010",35.19322,
"TUR","GDPHRWKD","TOT","USD","A","2011",37.128369,
"TUR","GDPHRWKD","TOT","USD","A","2012",37.905972,
"TUR","GDPHRWKD","TOT","USD","A","2013",40.465033,
"TUR","GDPHRWKD","TOT","USD","A","2014",40.388888,"E"
"TUR","GDPHRWKD","TOT","USD","A","2015",41.604969,"E"
"TUR","GDPHRWKD","TOT","USD","A","2016",42.044193,"E"
"TUR","GDPHRWKD","TOT","USD","A","2017",43.699749,"E"
"TUR","GDPHRWKD","TOT","USD","A","2018",44.0369,"E"
"TUR","GDPHRWKD","TOT","USD","A","2019",45.41638,"E"
"GBR","GDPHRWKD","TOT","USD","A","2001",50.773516,
"GBR","GDPHRWKD","TOT","USD","A","2002",52.089644,
"GBR","GDPHRWKD","TOT","USD","A","2003",53.605962,
"GBR","GDPHRWKD","TOT","USD","A","2004",54.2483,
"GBR","GDPHRWKD","TOT","USD","A","2005",54.86755,
"GBR","GDPHRWKD","TOT","USD","A","2006",56.0677,
"GBR","GDPHRWKD","TOT","USD","A","2007",56.749197,
"GBR","GDPHRWKD","TOT","USD","A","2008",56.713643,
"GBR","GDPHRWKD","TOT","USD","A","2009",55.576804,
"GBR","GDPHRWKD","TOT","USD","A","2010",56.929468,
"GBR","GDPHRWKD","TOT","USD","A","2011",57.058428,
"GBR","GDPHRWKD","TOT","USD","A","2012",56.664492,
"GBR","GDPHRWKD","TOT","USD","A","2013",57.141602,
"GBR","GDPHRWKD","TOT","USD","A","2014",57.095026,
"GBR","GDPHRWKD","TOT","USD","A","2015",58.09322,
"GBR","GDPHRWKD","TOT","USD","A","2016",57.626833,
"GBR","GDPHRWKD","TOT","USD","A","2017",58.265486,
"GBR","GDPHRWKD","TOT","USD","A","2018",58.280396,
"GBR","GDPHRWKD","TOT","USD","A","2019",58.412884,
"GBR","GDPHRWKD","TOT","USD","A","2020",59.527033,
"USA","GDPHRWKD","TOT","USD","A","2001",55.652851,
"USA","GDPHRWKD","TOT","USD","A","2002",57.218158,
"USA","GDPHRWKD","TOT","USD","A","2003",58.985586,
"USA","GDPHRWKD","TOT","USD","A","2004",60.497742,
"USA","GDPHRWKD","TOT","USD","A","2005",61.779568,
"USA","GDPHRWKD","TOT","USD","A","2006",62.408346,
"USA","GDPHRWKD","TOT","USD","A","2007",63.201213,
"USA","GDPHRWKD","TOT","USD","A","2008",63.84522,
"USA","GDPHRWKD","TOT","USD","A","2009",65.928401,
"USA","GDPHRWKD","TOT","USD","A","2010",67.575254,
"USA","GDPHRWKD","TOT","USD","A","2011",67.601832,
"USA","GDPHRWKD","TOT","USD","A","2012",67.836447,
"USA","GDPHRWKD","TOT","USD","A","2013",68.124883,
"USA","GDPHRWKD","TOT","USD","A","2014",68.506223,
"USA","GDPHRWKD","TOT","USD","A","2015",69.155227,
"USA","GDPHRWKD","TOT","USD","A","2016",69.381273,
"USA","GDPHRWKD","TOT","USD","A","2017",70.092396,
"USA","GDPHRWKD","TOT","USD","A","2018",70.90677,
"USA","GDPHRWKD","TOT","USD","A","2019",71.821985,
"USA","GDPHRWKD","TOT","USD","A","2020",74.312174,"E"
"CHL","GDPHRWKD","TOT","USD","A","2001",19.038438,
"CHL","GDPHRWKD","TOT","USD","A","2002",19.207287,
"CHL","GDPHRWKD","TOT","USD","A","2003",19.368865,
"CHL","GDPHRWKD","TOT","USD","A","2004",20.27626,
"CHL","GDPHRWKD","TOT","USD","A","2005",21.35841,
"CHL","GDPHRWKD","TOT","USD","A","2006",22.238491,
"CHL","GDPHRWKD","TOT","USD","A","2007",23.095855,
"CHL","GDPHRWKD","TOT","USD","A","2008",23.604695,
"CHL","GDPHRWKD","TOT","USD","A","2009",23.625551,
"CHL","GDPHRWKD","TOT","USD","A","2010",22.829274,
"CHL","GDPHRWKD","TOT","USD","A","2011",23.291463,
"CHL","GDPHRWKD","TOT","USD","A","2012",24.354935,"B"
"CHL","GDPHRWKD","TOT","USD","A","2013",24.892583,
"CHL","GDPHRWKD","TOT","USD","A","2014",25.294293,
"CHL","GDPHRWKD","TOT","USD","A","2015",25.484431,
"CHL","GDPHRWKD","TOT","USD","A","2016",25.852447,
"CHL","GDPHRWKD","TOT","USD","A","2017",25.837656,
"CHL","GDPHRWKD","TOT","USD","A","2018",26.535949,
"CHL","GDPHRWKD","TOT","USD","A","2019",26.790848,
"CHL","GDPHRWKD","TOT","USD","A","2020",30.427004,"E"
"EST","GDPHRWKD","TOT","USD","A","2001",22.48662,
"EST","GDPHRWKD","TOT","USD","A","2002",23.993624,
"EST","GDPHRWKD","TOT","USD","A","2003",25.196032,
"EST","GDPHRWKD","TOT","USD","A","2004",26.898532,
"EST","GDPHRWKD","TOT","USD","A","2005",28.482918,
"EST","GDPHRWKD","TOT","USD","A","2006",29.906034,
"EST","GDPHRWKD","TOT","USD","A","2007",32.151255,
"EST","GDPHRWKD","TOT","USD","A","2008",31.054153,
"EST","GDPHRWKD","TOT","USD","A","2009",31.780817,
"EST","GDPHRWKD","TOT","USD","A","2010",33.553363,
"EST","GDPHRWKD","TOT","USD","A","2011",33.050916,
"EST","GDPHRWKD","TOT","USD","A","2012",34.123372,
"EST","GDPHRWKD","TOT","USD","A","2013",34.520118,
"EST","GDPHRWKD","TOT","USD","A","2014",35.402894,
"EST","GDPHRWKD","TOT","USD","A","2015",35.196782,
"EST","GDPHRWKD","TOT","USD","A","2016",36.144206,
"EST","GDPHRWKD","TOT","USD","A","2017",37.103554,
"EST","GDPHRWKD","TOT","USD","A","2018",39.22081,
"EST","GDPHRWKD","TOT","USD","A","2019",40.964893,
"EST","GDPHRWKD","TOT","USD","A","2020",42.293197,
"ISR","GDPHRWKD","TOT","USD","A","2001",33.68487,
"ISR","GDPHRWKD","TOT","USD","A","2002",33.08037,
"ISR","GDPHRWKD","TOT","USD","A","2003",33.384048,
"ISR","GDPHRWKD","TOT","USD","A","2004",34.873945,
"ISR","GDPHRWKD","TOT","USD","A","2005",35.247749,
"ISR","GDPHRWKD","TOT","USD","A","2006",36.539774,
"ISR","GDPHRWKD","TOT","USD","A","2007",36.925865,
"ISR","GDPHRWKD","TOT","USD","A","2008",36.887894,
"ISR","GDPHRWKD","TOT","USD","A","2009",36.489052,
"ISR","GDPHRWKD","TOT","USD","A","2010",37.506819,
"ISR","GDPHRWKD","TOT","USD","A","2011",38.330518,
"ISR","GDPHRWKD","TOT","USD","A","2012",38.341192,
"ISR","GDPHRWKD","TOT","USD","A","2013",39.162214,
"ISR","GDPHRWKD","TOT","USD","A","2014",39.895606,
"ISR","GDPHRWKD","TOT","USD","A","2015",39.857776,
"ISR","GDPHRWKD","TOT","USD","A","2016",39.904384,
"ISR","GDPHRWKD","TOT","USD","A","2017",40.363665,
"ISR","GDPHRWKD","TOT","USD","A","2018",41.219003,
"ISR","GDPHRWKD","TOT","USD","A","2019",42.263855,
"ISR","GDPHRWKD","TOT","USD","A","2020",44.762963,
"RUS","GDPHRWKD","TOT","USD","A","2001",16.45549,
"RUS","GDPHRWKD","TOT","USD","A","2002",16.822009,
"RUS","GDPHRWKD","TOT","USD","A","2003",18.010897,
"RUS","GDPHRWKD","TOT","USD","A","2004",19.061609,
"RUS","GDPHRWKD","TOT","USD","A","2005",20.051286,
"RUS","GDPHRWKD","TOT","USD","A","2006",21.373371,
"RUS","GDPHRWKD","TOT","USD","A","2007",22.622358,
"RUS","GDPHRWKD","TOT","USD","A","2008",23.700889,
"RUS","GDPHRWKD","TOT","USD","A","2009",22.631987,
"RUS","GDPHRWKD","TOT","USD","A","2010",23.414143,
"RUS","GDPHRWKD","TOT","USD","A","2011",24.058067,
"RUS","GDPHRWKD","TOT","USD","A","2012",24.74773,
"RUS","GDPHRWKD","TOT","USD","A","2013",25.261952,
"RUS","GDPHRWKD","TOT","USD","A","2014",25.331478,
"RUS","GDPHRWKD","TOT","USD","A","2015",24.649304,
"RUS","GDPHRWKD","TOT","USD","A","2016",24.7235,
"RUS","GDPHRWKD","TOT","USD","A","2017",25.137929,
"RUS","GDPHRWKD","TOT","USD","A","2018",25.884473,
"RUS","GDPHRWKD","TOT","USD","A","2019",26.698227,
"SVN","GDPHRWKD","TOT","USD","A","2001",32.355075,
"SVN","GDPHRWKD","TOT","USD","A","2002",32.497236,
"SVN","GDPHRWKD","TOT","USD","A","2003",33.50062,
"SVN","GDPHRWKD","TOT","USD","A","2004",34.599443,
"SVN","GDPHRWKD","TOT","USD","A","2005",36.938074,
"SVN","GDPHRWKD","TOT","USD","A","2006",39.128271,
"SVN","GDPHRWKD","TOT","USD","A","2007",40.808356,
"SVN","GDPHRWKD","TOT","USD","A","2008",40.752803,
"SVN","GDPHRWKD","TOT","USD","A","2009",38.181149,
"SVN","GDPHRWKD","TOT","USD","A","2010",39.491962,
"SVN","GDPHRWKD","TOT","USD","A","2011",40.925467,
"SVN","GDPHRWKD","TOT","USD","A","2012",40.691154,
"SVN","GDPHRWKD","TOT","USD","A","2013",40.292879,
"SVN","GDPHRWKD","TOT","USD","A","2014",40.753894,
"SVN","GDPHRWKD","TOT","USD","A","2015",40.981064,
"SVN","GDPHRWKD","TOT","USD","A","2016",42.404997,
"SVN","GDPHRWKD","TOT","USD","A","2017",43.983203,
"SVN","GDPHRWKD","TOT","USD","A","2018",45.121466,
"SVN","GDPHRWKD","TOT","USD","A","2019",45.351524,
"SVN","GDPHRWKD","TOT","USD","A","2020",45.737724,
"OECD","GDPHRWKD","TOT","USD","A","2001",44.062958,
"OECD","GDPHRWKD","TOT","USD","A","2002",44.797692,
"OECD","GDPHRWKD","TOT","USD","A","2003",45.821045,
"OECD","GDPHRWKD","TOT","USD","A","2004",46.823125,
"OECD","GDPHRWKD","TOT","USD","A","2005",47.581846,
"OECD","GDPHRWKD","TOT","USD","A","2006",48.338126,
"OECD","GDPHRWKD","TOT","USD","A","2007",49.054585,
"OECD","GDPHRWKD","TOT","USD","A","2008",49.081748,
"OECD","GDPHRWKD","TOT","USD","A","2009",49.278901,
"OECD","GDPHRWKD","TOT","USD","A","2010",50.078993,
"OECD","GDPHRWKD","TOT","USD","A","2011",50.625058,
"OECD","GDPHRWKD","TOT","USD","A","2012",50.860615,
"OECD","GDPHRWKD","TOT","USD","A","2013",51.40585,
"OECD","GDPHRWKD","TOT","USD","A","2014",51.844798,
"OECD","GDPHRWKD","TOT","USD","A","2015",52.428856,
"OECD","GDPHRWKD","TOT","USD","A","2016",52.635324,
"OECD","GDPHRWKD","TOT","USD","A","2017",53.443945,
"OECD","GDPHRWKD","TOT","USD","A","2018",53.927508,
"OECD","GDPHRWKD","TOT","USD","A","2019",54.533442,
"EU28","GDPHRWKD","TOT","USD","A","2001",45.205243,
"EU28","GDPHRWKD","TOT","USD","A","2002",46.143903,
"EU28","GDPHRWKD","TOT","USD","A","2003",46.759286,
"EU28","GDPHRWKD","TOT","USD","A","2004",47.536843,
"EU28","GDPHRWKD","TOT","USD","A","2005",48.07373,
"EU28","GDPHRWKD","TOT","USD","A","2006",48.87215,
"EU28","GDPHRWKD","TOT","USD","A","2007",49.340969,
"EU28","GDPHRWKD","TOT","USD","A","2008",49.193996,
"EU28","GDPHRWKD","TOT","USD","A","2009",48.553134,
"EU28","GDPHRWKD","TOT","USD","A","2010",49.968853,
"EU28","GDPHRWKD","TOT","USD","A","2011",50.741138,
"EU28","GDPHRWKD","TOT","USD","A","2012",50.955361,
"EU28","GDPHRWKD","TOT","USD","A","2013",51.414959,
"EU28","GDPHRWKD","TOT","USD","A","2014",51.735624,
"EU28","GDPHRWKD","TOT","USD","A","2015",52.475676,
"EU28","GDPHRWKD","TOT","USD","A","2016",52.629093,
"EU28","GDPHRWKD","TOT","USD","A","2017",53.463811,
"EU28","GDPHRWKD","TOT","USD","A","2018",53.853306,
"EU28","GDPHRWKD","TOT","USD","A","2019",54.246476,
"G-7","GDPHRWKD","TOT","USD","A","2001",51.551146,
"G-7","GDPHRWKD","TOT","USD","A","2002",52.652695,
"G-7","GDPHRWKD","TOT","USD","A","2003",53.669907,
"G-7","GDPHRWKD","TOT","USD","A","2004",54.744217,
"G-7","GDPHRWKD","TOT","USD","A","2005",55.674347,
"G-7","GDPHRWKD","TOT","USD","A","2006",56.28073,
"G-7","GDPHRWKD","TOT","USD","A","2007",56.799203,
"G-7","GDPHRWKD","TOT","USD","A","2008",56.998146,
"G-7","GDPHRWKD","TOT","USD","A","2009",57.372198,
"G-7","GDPHRWKD","TOT","USD","A","2010",58.72601,
"G-7","GDPHRWKD","TOT","USD","A","2011",59.104882,
"G-7","GDPHRWKD","TOT","USD","A","2012",59.342516,
"G-7","GDPHRWKD","TOT","USD","A","2013",59.892836,
"G-7","GDPHRWKD","TOT","USD","A","2014",60.293975,
"G-7","GDPHRWKD","TOT","USD","A","2015",60.912564,
"G-7","GDPHRWKD","TOT","USD","A","2016",61.077359,
"G-7","GDPHRWKD","TOT","USD","A","2017",61.860675,
"G-7","GDPHRWKD","TOT","USD","A","2018",62.338116,
"G-7","GDPHRWKD","TOT","USD","A","2019",63.004231,
"LVA","GDPHRWKD","TOT","USD","A","2001",18.611163,
"LVA","GDPHRWKD","TOT","USD","A","2002",20.14378,
"LVA","GDPHRWKD","TOT","USD","A","2003",21.821129,
"LVA","GDPHRWKD","TOT","USD","A","2004",24.238916,
"LVA","GDPHRWKD","TOT","USD","A","2005",26.223755,
"LVA","GDPHRWKD","TOT","USD","A","2006",27.749063,"B"
"LVA","GDPHRWKD","TOT","USD","A","2007",29.857139,
"LVA","GDPHRWKD","TOT","USD","A","2008",27.306548,
"LVA","GDPHRWKD","TOT","USD","A","2009",28.034158,
"LVA","GDPHRWKD","TOT","USD","A","2010",28.965192,
"LVA","GDPHRWKD","TOT","USD","A","2011",30.120214,
"LVA","GDPHRWKD","TOT","USD","A","2012",31.234073,
"LVA","GDPHRWKD","TOT","USD","A","2013",31.342362,
"LVA","GDPHRWKD","TOT","USD","A","2014",31.934762,
"LVA","GDPHRWKD","TOT","USD","A","2015",33.384831,
"LVA","GDPHRWKD","TOT","USD","A","2016",34.26773,
"LVA","GDPHRWKD","TOT","USD","A","2017",35.693787,
"LVA","GDPHRWKD","TOT","USD","A","2018",36.34548,
"LVA","GDPHRWKD","TOT","USD","A","2019",37.804924,
"LVA","GDPHRWKD","TOT","USD","A","2020",38.586533,
"LTU","GDPHRWKD","TOT","USD","A","2001",22.233842,
"LTU","GDPHRWKD","TOT","USD","A","2002",23.275869,
"LTU","GDPHRWKD","TOT","USD","A","2003",25.403648,
"LTU","GDPHRWKD","TOT","USD","A","2004",26.019518,
"LTU","GDPHRWKD","TOT","USD","A","2005",27.812736,
"LTU","GDPHRWKD","TOT","USD","A","2006",30.040764,
"LTU","GDPHRWKD","TOT","USD","A","2007",32.197778,
"LTU","GDPHRWKD","TOT","USD","A","2008",32.95712,
"LTU","GDPHRWKD","TOT","USD","A","2009",31.543393,
"LTU","GDPHRWKD","TOT","USD","A","2010",32.836846,
"LTU","GDPHRWKD","TOT","USD","A","2011",35.093377,
"LTU","GDPHRWKD","TOT","USD","A","2012",35.808682,
"LTU","GDPHRWKD","TOT","USD","A","2013",36.906176,
"LTU","GDPHRWKD","TOT","USD","A","2014",37.617907,
"LTU","GDPHRWKD","TOT","USD","A","2015",37.321569,
"LTU","GDPHRWKD","TOT","USD","A","2016",36.946175,
"LTU","GDPHRWKD","TOT","USD","A","2017",39.68458,
"LTU","GDPHRWKD","TOT","USD","A","2018",40.513705,
"LTU","GDPHRWKD","TOT","USD","A","2019",42.042933,
"LTU","GDPHRWKD","TOT","USD","A","2020",44.187348,
"EA19","GDPHRWKD","TOT","USD","A","2001",51.698461,
"EA19","GDPHRWKD","TOT","USD","A","2002",52.139974,
"EA19","GDPHRWKD","TOT","USD","A","2003",52.39232,
"EA19","GDPHRWKD","TOT","USD","A","2004",53.021151,
"EA19","GDPHRWKD","TOT","USD","A","2005",53.497484,
"EA19","GDPHRWKD","TOT","USD","A","2006",54.247549,
"EA19","GDPHRWKD","TOT","USD","A","2007",54.735487,
"EA19","GDPHRWKD","TOT","USD","A","2008",54.57244,
"EA19","GDPHRWKD","TOT","USD","A","2009",53.967748,
"EA19","GDPHRWKD","TOT","USD","A","2010",55.342555,
"EA19","GDPHRWKD","TOT","USD","A","2011",56.177562,
"EA19","GDPHRWKD","TOT","USD","A","2012",56.504965,
"EA19","GDPHRWKD","TOT","USD","A","2013",57.028691,
"EA19","GDPHRWKD","TOT","USD","A","2014",57.453489,
"EA19","GDPHRWKD","TOT","USD","A","2015",58.07826,
"EA19","GDPHRWKD","TOT","USD","A","2016",58.250857,
"EA19","GDPHRWKD","TOT","USD","A","2017",59.123336,
"EA19","GDPHRWKD","TOT","USD","A","2018",59.230821,
"EA19","GDPHRWKD","TOT","USD","A","2019",59.472765,
"EA19","GDPHRWKD","TOT","USD","A","2020",60.226331,
"ZAF","GDPHRWKD","TOT","USD","A","2001",15.876697,
"ZAF","GDPHRWKD","TOT","USD","A","2002",16.567479,
"ZAF","GDPHRWKD","TOT","USD","A","2003",17.753931,
"ZAF","GDPHRWKD","TOT","USD","A","2004",18.022495,
"ZAF","GDPHRWKD","TOT","USD","A","2005",17.469945,
"ZAF","GDPHRWKD","TOT","USD","A","2006",18.189686,
"ZAF","GDPHRWKD","TOT","USD","A","2007",19.043363,
"ZAF","GDPHRWKD","TOT","USD","A","2008",18.446211,
"ZAF","GDPHRWKD","TOT","USD","A","2009",18.952649,
"ZAF","GDPHRWKD","TOT","USD","A","2010",20.225573,
"ZAF","GDPHRWKD","TOT","USD","A","2011",20.299933,
"ZAF","GDPHRWKD","TOT","USD","A","2012",20.516167,
"ZAF","GDPHRWKD","TOT","USD","A","2013",20.514456,
"ZAF","GDPHRWKD","TOT","USD","A","2014",20.533058,
"ZAF","GDPHRWKD","TOT","USD","A","2015",22.553913,"E"
"ZAF","GDPHRWKD","TOT","USD","A","2016",19.938331,"E"
"ZAF","GDPHRWKD","TOT","USD","A","2017",19.92718,"E"
"ZAF","GDPHRWKD","TOT","USD","A","2018",19.859863,"E"
"ZAF","GDPHRWKD","TOT","USD","A","2019",19.943208,"E"
"CRI","GDPHRWKD","TOT","USD","A","2001",13.340478,
"CRI","GDPHRWKD","TOT","USD","A","2002",13.431107,
"CRI","GDPHRWKD","TOT","USD","A","2003",13.62039,
"CRI","GDPHRWKD","TOT","USD","A","2004",13.961451,
"CRI","GDPHRWKD","TOT","USD","A","2005",13.718511,
"CRI","GDPHRWKD","TOT","USD","A","2006",14.259665,
"CRI","GDPHRWKD","TOT","USD","A","2007",14.453706,
"CRI","GDPHRWKD","TOT","USD","A","2008",14.909054,
"CRI","GDPHRWKD","TOT","USD","A","2009",15.331663,
"CRI","GDPHRWKD","TOT","USD","A","2010",17.122775,
"CRI","GDPHRWKD","TOT","USD","A","2011",17.944786,
"CRI","GDPHRWKD","TOT","USD","A","2012",17.694625,
"CRI","GDPHRWKD","TOT","USD","A","2013",18.620355,
"CRI","GDPHRWKD","TOT","USD","A","2014",19.093774,
"CRI","GDPHRWKD","TOT","USD","A","2015",19.707747,
"CRI","GDPHRWKD","TOT","USD","A","2016",20.571849,
"CRI","GDPHRWKD","TOT","USD","A","2017",21.056973,
"CRI","GDPHRWKD","TOT","USD","A","2018",21.329192,
"CRI","GDPHRWKD","TOT","USD","A","2019",21.864922,
"CRI","GDPHRWKD","TOT","USD","A","2020",25.125104,
"BGR","GDPHRWKD","TOT","USD","A","2001",15.233783,
"BGR","GDPHRWKD","TOT","USD","A","2002",16.109533,
"BGR","GDPHRWKD","TOT","USD","A","2003",16.560794,
"BGR","GDPHRWKD","TOT","USD","A","2004",16.942764,
"BGR","GDPHRWKD","TOT","USD","A","2005",17.731329,
"BGR","GDPHRWKD","TOT","USD","A","2006",18.375573,
"BGR","GDPHRWKD","TOT","USD","A","2007",18.973032,
"BGR","GDPHRWKD","TOT","USD","A","2008",19.210128,
"BGR","GDPHRWKD","TOT","USD","A","2009",19.42819,
"BGR","GDPHRWKD","TOT","USD","A","2010",20.342917,
"BGR","GDPHRWKD","TOT","USD","A","2011",21.306747,
"BGR","GDPHRWKD","TOT","USD","A","2012",21.919864,
"BGR","GDPHRWKD","TOT","USD","A","2013",22.079348,
"BGR","GDPHRWKD","TOT","USD","A","2014",22.425725,
"BGR","GDPHRWKD","TOT","USD","A","2015",23.234392,
"BGR","GDPHRWKD","TOT","USD","A","2016",24.014903,
"BGR","GDPHRWKD","TOT","USD","A","2017",24.423244,
"BGR","GDPHRWKD","TOT","USD","A","2018",25.184915,
"BGR","GDPHRWKD","TOT","USD","A","2019",26.016403,
"BGR","GDPHRWKD","TOT","USD","A","2020",26.169905,
"HRV","GDPHRWKD","TOT","USD","A","2001",26.501524,
"HRV","GDPHRWKD","TOT","USD","A","2002",27.801591,
"HRV","GDPHRWKD","TOT","USD","A","2003",28.672438,
"HRV","GDPHRWKD","TOT","USD","A","2004",29.611714,
"HRV","GDPHRWKD","TOT","USD","A","2005",30.607722,
"HRV","GDPHRWKD","TOT","USD","A","2006",31.142836,
"HRV","GDPHRWKD","TOT","USD","A","2007",31.713863,
"HRV","GDPHRWKD","TOT","USD","A","2008",31.642018,
"HRV","GDPHRWKD","TOT","USD","A","2009",29.563866,
"HRV","GDPHRWKD","TOT","USD","A","2010",30.116726,
"HRV","GDPHRWKD","TOT","USD","A","2011",31.335895,
"HRV","GDPHRWKD","TOT","USD","A","2012",32.000099,
"HRV","GDPHRWKD","TOT","USD","A","2013",33.033945,
"HRV","GDPHRWKD","TOT","USD","A","2014",32.376676,
"HRV","GDPHRWKD","TOT","USD","A","2015",33.898903,
"HRV","GDPHRWKD","TOT","USD","A","2016",34.851815,
"HRV","GDPHRWKD","TOT","USD","A","2017",35.396875,
"HRV","GDPHRWKD","TOT","USD","A","2018",35.718965,
"HRV","GDPHRWKD","TOT","USD","A","2019",35.129232,
"HRV","GDPHRWKD","TOT","USD","A","2020",32.772991,
"ROU","GDPHRWKD","TOT","USD","A","2001",13.105906,
"ROU","GDPHRWKD","TOT","USD","A","2002",15.299629,
"ROU","GDPHRWKD","TOT","USD","A","2003",15.92199,
"ROU","GDPHRWKD","TOT","USD","A","2004",17.832505,
"ROU","GDPHRWKD","TOT","USD","A","2005",18.818431,
"ROU","GDPHRWKD","TOT","USD","A","2006",20.350918,
"ROU","GDPHRWKD","TOT","USD","A","2007",21.467135,
"ROU","GDPHRWKD","TOT","USD","A","2008",23.850142,
"ROU","GDPHRWKD","TOT","USD","A","2009",23.64341,
"ROU","GDPHRWKD","TOT","USD","A","2010",23.160306,
"ROU","GDPHRWKD","TOT","USD","A","2011",24.049888,
"ROU","GDPHRWKD","TOT","USD","A","2012",24.696479,"B"
"ROU","GDPHRWKD","TOT","USD","A","2013",25.927552,
"ROU","GDPHRWKD","TOT","USD","A","2014",26.867447,
"ROU","GDPHRWKD","TOT","USD","A","2015",28.122,
"ROU","GDPHRWKD","TOT","USD","A","2016",29.395747,
"ROU","GDPHRWKD","TOT","USD","A","2017",31.211314,
"ROU","GDPHRWKD","TOT","USD","A","2018",32.557566,
"ROU","GDPHRWKD","TOT","USD","A","2019",33.837675,
"ROU","GDPHRWKD","TOT","USD","A","2020",33.061575,
"EU27_2020","GDPHRWKD","TOT","USD","A","2001",45.087116,
"EU27_2020","GDPHRWKD","TOT","USD","A","2002",45.971481,
"EU27_2020","GDPHRWKD","TOT","USD","A","2003",46.400008,
"EU27_2020","GDPHRWKD","TOT","USD","A","2004",47.148762,
"EU27_2020","GDPHRWKD","TOT","USD","A","2005",47.681734,
"EU27_2020","GDPHRWKD","TOT","USD","A","2006",48.466688,
"EU27_2020","GDPHRWKD","TOT","USD","A","2007",48.920148,
"EU27_2020","GDPHRWKD","TOT","USD","A","2008",48.764238,
"EU27_2020","GDPHRWKD","TOT","USD","A","2009",48.191421,
"EU27_2020","GDPHRWKD","TOT","USD","A","2010",49.625728,
"EU27_2020","GDPHRWKD","TOT","USD","A","2011",50.516598,
"EU27_2020","GDPHRWKD","TOT","USD","A","2012",50.784551,
"EU27_2020","GDPHRWKD","TOT","USD","A","2013",51.252152,
"EU27_2020","GDPHRWKD","TOT","USD","A","2014",51.602544,
"EU27_2020","GDPHRWKD","TOT","USD","A","2015",52.319338,
"EU27_2020","GDPHRWKD","TOT","USD","A","2016",52.558466,
"EU27_2020","GDPHRWKD","TOT","USD","A","2017",53.46976,
"EU27_2020","GDPHRWKD","TOT","USD","A","2018",53.891247,
"EU27_2020","GDPHRWKD","TOT","USD","A","2019",54.374593,
"EU27_2020","GDPHRWKD","TOT","USD","A","2020",54.533162,
